{"cameraMode":{"drawMode":0,"name":"Shaded","section":"Shading Mode"},"sceneLighting":true,"audioPlay":false,"sceneViewState":{"m_AlwaysRefresh":false,"showFog":true,"showSkybox":true,"showFlares":true,"showImageEffects":true,"showParticleSystems":true,"showVisualEffectGraphs":true,"m_FxEnabled":true},"in2DMode":false,"pivot":{"x":6.827811241149902,"y":1.8841569423675538,"z":-5.695900917053223},"rotation":{"x":0.03429423272609711,"y":-0.48856934905052187,"z":0.019193777814507486,"w":0.8716553449630737},"size":0.8660253882408142,"orthographic":false}