{"cameraMode":{"drawMode":0,"name":"Shaded","section":"Shading Mode"},"sceneLighting":true,"audioPlay":false,"sceneViewState":{"m_AlwaysRefresh":false,"showFog":true,"showSkybox":true,"showFlares":true,"showImageEffects":true,"showParticleSystems":true,"showVisualEffectGraphs":true,"m_FxEnabled":true},"in2DMode":false,"pivot":{"x":-0.178116112947464,"y":2.167668581008911,"z":-8.35450553894043},"rotation":{"x":0.0303042009472847,"y":0.008122574537992478,"z":-0.0002810836012940854,"w":0.9995251893997192},"size":0.8660253882408142,"orthographic":false}