{"cameraMode":{"drawMode":0,"name":"Shaded","section":"Shading Mode"},"sceneLighting":false,"audioPlay":false,"sceneViewState":{"m_AlwaysRefresh":false,"showFog":true,"showSkybox":false,"showFlares":true,"showImageEffects":true,"showParticleSystems":true,"showVisualEffectGraphs":true,"m_FxEnabled":true},"in2DMode":false,"pivot":{"x":-2.2567567825317385,"y":1.3982021808624268,"z":-0.9634184837341309},"rotation":{"x":0.09734386205673218,"y":-0.00597110902890563,"z":0.0005839403602294624,"w":0.9952332377433777},"size":0.8660253882408142,"orthographic":false}