{"cameraMode":{"drawMode":0,"name":"Shaded","section":"Shading Mode"},"sceneLighting":false,"audioPlay":false,"sceneViewState":{"m_AlwaysRefresh":false,"showFog":true,"showSkybox":false,"showFlares":true,"showImageEffects":true,"showParticleSystems":true,"showVisualEffectGraphs":true,"m_FxEnabled":true},"in2DMode":false,"pivot":{"x":1.936834692955017,"y":1.4797987937927247,"z":10.872421264648438},"rotation":{"x":-0.003954043611884117,"y":-0.9932131767272949,"z":0.11070173978805542,"w":-0.0354766882956028},"size":0.8660253882408142,"orthographic":false}